,Location,Date,Rfd29,Hum5,Raf6,Tav16,Tmi2,Tmx19,LandUse,Level
2011-05-01,YangPyung,2011-05-01,9.0,347.2,80.5,176.9,20.5,301.6,3,1.0
2011-05-02,YangPyung,2011-05-02,9.0,330.5,78.0,179.0,18.4,304.9,3,1.0
2011-05-03,YangPyung,2011-05-03,9.0,317.6,73.0,182.3,20.4,306.7,3,1.0
2011-05-04,YangPyung,2011-05-04,9.0,311.7,73.0,191.5,22.5,309.5,3,1.0
2011-05-05,YangPyung,2011-05-05,9.0,254.0,69.0,198.2,23.3,314.8,3,0.0
2011-05-06,YangPyung,2011-05-06,9.0,242.4,0.5,202.4,25.9,314.3,3,0.0
2011-05-07,YangPyung,2011-05-07,10.0,265.4,4.0,203.4,24.7,325.4,3,0.0
2011-05-08,YangPyung,2011-05-08,10.0,277.4,4.0,211.8,21.8,333.3,3,0.0
2011-05-09,YangPyung,2011-05-09,10.0,314.7,8.0,219.7,24.9,338.5,3,0.0
2011-05-10,YangPyung,2011-05-10,11.0,368.1,14.5,226.5,29.1,339.0,3,0.0
2011-05-11,YangPyung,2011-05-11,12.0,379.4,28.5,232.4,28.9,345.6,3,0.0
2011-05-12,YangPyung,2011-05-12,12.0,362.8,28.0,237.6,25.9,351.6,3,0.0
2011-05-13,YangPyung,2011-05-13,12.0,363.2,24.5,240.8,21.8,358.3,3,0.0
2011-05-14,YangPyung,2011-05-14,11.0,324.2,24.5,247.6,22.4,365.5,3,1.0
2011-05-15,YangPyung,2011-05-15,11.0,284.9,20.5,251.6,25.1,377.0,3,0.0
2011-05-16,YangPyung,2011-05-16,11.0,258.7,14.0,255.0,23.9,385.0,3,0.0
2011-05-17,YangPyung,2011-05-17,10.0,230.1,0.0,260.0,22.5,392.5,3,1.0
2011-05-18,YangPyung,2011-05-18,10.0,214.5,0.0,266.3,25.4,399.5,3,1.0
2011-05-19,YangPyung,2011-05-19,11.0,235.1,0.4,271.7,32.6,408.5,3,1.0
2011-05-20,YangPyung,2011-05-20,12.0,274.9,15.4,273.3,34.4,413.3,3,1.0
2011-05-21,YangPyung,2011-05-21,12.0,311.6,17.4,270.3,28.2,410.3,3,1.0
2011-05-22,YangPyung,2011-05-22,12.0,334.0,17.4,272.2,23.3,413.0,3,1.0
2011-05-23,YangPyung,2011-05-23,12.0,338.4,17.4,277.2,26.0,417.1,3,0.0
2011-05-24,YangPyung,2011-05-24,12.0,317.5,17.4,281.4,29.4,421.4,3,0.0
2011-05-25,YangPyung,2011-05-25,11.0,269.1,17.0,286.5,30.8,431.7,3,0.0
2011-05-26,YangPyung,2011-05-26,10.0,231.9,2.0,290.7,34.6,433.9,3,0.0
2011-05-27,YangPyung,2011-05-27,10.0,227.6,0.0,293.6,33.5,434.3,3,1.0
2011-05-28,YangPyung,2011-05-28,9.0,230.3,0.0,300.3,31.3,441.2,3,1.0
2011-05-29,YangPyung,2011-05-29,8.0,231.2,0.0,310.1,34.1,453.9,3,1.0
2011-05-30,YangPyung,2011-05-30,8.0,231.4,0.0,315.6,37.0,460.9,3,1.0
2011-05-31,YangPyung,2011-05-31,9.0,250.0,7.5,317.1,34.0,464.4,3,1.0
2011-06-01,YangPyung,2011-06-01,10.0,273.4,29.0,318.7,30.1,465.4,3,1.0
2011-06-02,YangPyung,2011-06-02,10.0,299.0,29.0,320.2,29.8,467.2,3,1.0
2011-06-03,YangPyung,2011-06-03,10.0,325.6,29.0,318.7,29.5,469.1,3,1.0
2011-06-04,YangPyung,2011-06-04,10.0,360.8,29.5,316.7,30.2,471.5,3,1.0
2011-06-05,YangPyung,2011-06-05,9.0,356.9,29.5,319.6,31.9,475.8,3,1.0
2011-06-06,YangPyung,2011-06-06,9.0,330.5,22.0,326.0,31.4,477.3,3,1.0
2011-06-07,YangPyung,2011-06-07,8.0,302.7,0.5,329.6,31.2,480.3,3,1.0
2011-06-08,YangPyung,2011-06-08,8.0,291.5,2.0,332.1,34.1,487.3,3,1.0
2011-06-09,YangPyung,2011-06-09,7.0,291.2,2.0,330.0,35.7,491.6,3,1.0
2011-06-10,YangPyung,2011-06-10,7.0,300.0,1.5,328.7,35.3,492.6,3,1.0
2011-06-11,YangPyung,2011-06-11,7.0,295.3,1.5,332.0,38.4,495.9,3,2.0
2011-06-12,YangPyung,2011-06-12,7.0,299.0,1.5,335.3,39.6,498.1,3,1.0
2011-06-13,YangPyung,2011-06-13,8.0,313.1,2.0,333.9,35.6,496.8,3,1.0
2011-06-14,YangPyung,2011-06-14,8.0,294.2,0.5,332.3,33.4,502.3,3,1.0
2011-06-15,YangPyung,2011-06-15,9.0,273.6,1.5,334.8,35.9,509.7,3,1.0
2011-06-16,YangPyung,2011-06-16,9.0,271.1,1.5,342.6,39.4,512.8,3,1.0
2011-06-17,YangPyung,2011-06-17,8.0,264.6,1.5,349.5,42.4,512.9,3,1.0
2011-06-18,YangPyung,2011-06-18,7.0,247.2,1.5,355.0,42.9,513.7,3,1.0
2011-06-19,YangPyung,2011-06-19,6.0,240.0,1.0,362.6,41.5,522.9,3,1.0
2011-06-20,YangPyung,2011-06-20,6.0,241.7,1.0,370.5,43.4,533.3,3,0.0
2011-06-21,YangPyung,2011-06-21,6.0,258.3,0.0,374.2,42.1,538.2,3,1.0
2011-06-22,YangPyung,2011-06-22,7.0,298.9,16.0,376.0,40.3,538.3,3,10.0
2011-06-23,YangPyung,2011-06-23,8.0,338.7,57.0,377.1,42.1,537.0,3,1.0
2011-06-24,YangPyung,2011-06-24,9.0,377.2,67.5,374.8,39.8,531.5,3,1.0
2011-06-25,YangPyung,2011-06-25,10.0,409.6,104.5,373.7,36.1,524.6,3,4.0
2011-06-26,YangPyung,2011-06-26,11.0,431.8,144.5,371.5,34.7,519.6,3,1.0
2011-06-27,YangPyung,2011-06-27,12.0,434.1,156.0,366.7,35.5,512.6,3,1.0
2011-06-28,YangPyung,2011-06-28,13.0,409.1,140.5,367.4,36.5,520.3,3,1.0
2011-06-29,YangPyung,2011-06-29,13.0,412.5,276.5,367.4,37.9,519.3,3,1.0
2011-06-30,YangPyung,2011-06-30,13.0,415.0,312.0,368.4,40.7,518.0,3,1.0
2011-07-01,YangPyung,2011-07-01,13.0,411.8,275.0,368.3,43.2,516.4,3,1.0
2011-07-02,YangPyung,2011-07-02,13.0,408.2,235.0,366.5,44.9,516.3,3,6.0
2011-07-03,YangPyung,2011-07-03,13.0,433.0,338.5,364.2,43.4,511.6,3,2.0
2011-07-04,YangPyung,2011-07-04,13.0,417.5,338.0,362.2,39.6,507.7,3,1.0
2011-07-05,YangPyung,2011-07-05,13.0,394.7,161.0,359.9,37.9,506.4,3,2.0
2011-07-06,YangPyung,2011-07-06,13.0,376.7,115.0,358.9,39.4,506.3,3,20.0
2011-07-07,YangPyung,2011-07-07,13.0,379.3,157.5,357.7,41.3,502.7,3,10.0
2011-07-08,YangPyung,2011-07-08,14.0,371.3,170.5,357.4,41.5,494.4,3,2.0
2011-07-09,YangPyung,2011-07-09,15.0,378.0,70.5,359.0,41.4,490.2,3,3.0
2011-07-10,YangPyung,2011-07-10,16.0,393.8,76.5,363.5,42.2,489.0,3,3.0
2011-07-11,YangPyung,2011-07-11,17.0,423.2,119.0,366.4,41.3,486.2,3,1.0
2011-07-12,YangPyung,2011-07-12,17.0,426.2,170.5,370.0,40.8,488.5,3,2.0
2011-07-13,YangPyung,2011-07-13,18.0,427.7,157.0,375.1,43.4,493.1,3,1.0
2011-07-14,YangPyung,2011-07-14,18.0,433.7,182.0,374.6,44.8,497.7,3,1.0
2011-07-15,YangPyung,2011-07-15,19.0,442.7,182.0,377.0,43.9,502.1,3,1.0
2011-07-16,YangPyung,2011-07-16,20.0,443.5,230.5,376.0,42.8,506.9,3,1.0
2011-07-17,YangPyung,2011-07-17,21.0,438.1,189.0,376.0,43.4,506.3,3,5.0
2011-07-18,YangPyung,2011-07-18,21.0,415.3,137.5,380.0,46.6,517.1,3,39.0
2011-07-19,YangPyung,2011-07-19,21.0,381.3,108.5,385.9,49.1,521.9,3,50.0
2011-07-20,YangPyung,2011-07-20,21.0,342.2,70.5,391.0,48.3,525.9,3,50.0
2011-07-21,YangPyung,2011-07-21,20.0,299.1,55.5,393.8,45.9,531.3,3,2.0
2011-07-22,YangPyung,2011-07-22,20.0,287.6,2.5,392.3,43.7,533.1,3,8.0
2011-07-23,YangPyung,2011-07-23,20.0,301.1,4.5,394.8,44.3,534.8,3,1.0
2011-07-24,YangPyung,2011-07-24,20.0,327.2,12.5,397.2,45.7,532.0,3,2.0
2011-07-25,YangPyung,2011-07-25,20.0,362.2,40.0,398.5,46.0,528.7,3,1.0
2011-07-26,YangPyung,2011-07-26,20.0,395.2,211.0,399.1,44.3,532.7,3,1.0
2011-07-27,YangPyung,2011-07-27,20.0,416.3,512.5,401.9,43.4,534.3,3,0.0
2011-07-28,YangPyung,2011-07-28,20.0,429.0,626.0,403.8,45.1,532.8,3,0.0
2011-07-29,YangPyung,2011-07-29,20.0,429.0,630.5,405.7,46.7,534.6,3,0.0
2011-07-30,YangPyung,2011-07-30,20.0,419.0,622.5,409.3,48.3,543.0,3,0.0
2011-07-31,YangPyung,2011-07-31,21.0,425.8,668.0,410.6,47.6,544.0,3,1.0
2011-08-01,YangPyung,2011-08-01,21.0,414.8,497.5,413.4,46.5,547.0,3,0.0
2011-08-02,YangPyung,2011-08-02,22.0,403.3,196.5,414.4,47.7,552.5,3,0.0
2011-08-03,YangPyung,2011-08-03,23.0,404.7,123.0,411.1,48.1,554.6,3,0.0
2011-08-04,YangPyung,2011-08-04,24.0,415.7,125.5,408.0,47.4,557.3,3,0.0
2011-08-05,YangPyung,2011-08-05,23.0,395.7,125.5,409.3,47.1,562.3,3,0.0
2011-08-06,YangPyung,2011-08-06,23.0,382.1,54.0,410.7,49.5,560.9,3,0.0
2011-08-07,YangPyung,2011-08-07,23.0,368.5,58.0,415.3,51.0,561.2,3,0.0
2011-08-08,YangPyung,2011-08-08,23.0,370.3,97.0,414.6,48.5,556.3,3,0.0
2011-08-09,YangPyung,2011-08-09,22.0,360.3,55.5,415.8,48.0,552.8,3,0.0
2011-08-10,YangPyung,2011-08-10,22.0,373.5,45.8,416.7,47.6,555.1,3,0.0
2011-08-11,YangPyung,2011-08-11,21.0,384.9,45.8,418.5,47.7,555.3,3,0.0
2011-08-12,YangPyung,2011-08-12,21.0,407.5,63.8,419.8,48.6,553.7,3,0.0
2011-08-13,YangPyung,2011-08-13,21.0,406.6,65.8,420.4,48.0,552.4,3,0.0
2011-08-14,YangPyung,2011-08-14,21.0,417.1,35.8,419.2,47.8,549.9,3,0.0
2011-08-15,YangPyung,2011-08-15,21.0,423.4,36.3,416.5,46.8,550.6,3,0.0
2011-08-16,YangPyung,2011-08-16,22.0,432.3,52.0,416.8,46.5,550.5,3,0.0
2011-08-17,YangPyung,2011-08-17,23.0,436.9,56.0,414.9,46.4,544.9,3,0.0
2011-08-18,YangPyung,2011-08-18,23.0,426.3,36.5,414.0,44.3,544.6,3,0.0
2011-08-19,YangPyung,2011-08-19,23.0,415.1,30.0,413.0,43.2,547.2,3,0.0
2011-08-20,YangPyung,2011-08-20,23.0,404.7,21.0,410.7,42.0,545.0,3,0.0
2011-08-21,YangPyung,2011-08-21,22.0,385.3,20.5,406.2,39.0,545.9,3,0.0
2011-08-22,YangPyung,2011-08-22,22.0,365.6,8.0,401.2,38.5,547.4,3,0.0
2011-08-23,YangPyung,2011-08-23,21.0,352.4,4.0,396.8,37.9,549.9,3,0.0
2011-08-24,YangPyung,2011-08-24,20.0,334.7,4.0,396.9,39.3,544.4,3,0.0
2011-08-25,YangPyung,2011-08-25,19.0,315.1,4.0,396.6,42.2,542.2,3,0.0
2011-08-26,YangPyung,2011-08-26,18.0,304.2,3.5,397.2,44.2,539.5,3,0.0
2011-08-27,YangPyung,2011-08-27,17.0,292.3,3.5,398.2,46.7,543.0,3,0.0
2011-08-28,YangPyung,2011-08-28,17.0,299.0,0.0,400.2,47.8,546.3,3,0.0
2011-08-29,YangPyung,2011-08-29,16.0,316.7,0.0,401.7,48.8,547.3,3,0.0
2011-08-30,YangPyung,2011-08-30,16.0,329.4,8.5,403.8,48.7,549.8,3,0.0
2011-08-31,YangPyung,2011-08-31,15.0,334.5,8.5,407.2,47.8,556.3,3,0.0
2011-09-01,YangPyung,2011-09-01,14.0,338.3,8.5,409.2,46.5,560.8,3,19.0
2011-09-02,YangPyung,2011-09-02,13.0,329.6,8.5,412.4,45.8,566.4,3,50.0
2011-09-03,YangPyung,2011-09-03,13.0,302.0,8.5,412.3,43.2,570.2,3,10.0
2011-09-04,YangPyung,2011-09-04,12.0,279.6,8.5,411.6,39.7,574.2,3,16.0
2011-09-05,YangPyung,2011-09-05,11.0,272.9,0.0,412.3,38.9,578.1,3,17.0
2011-09-06,YangPyung,2011-09-06,10.0,262.1,0.0,411.3,38.3,576.6,3,19.0
2011-09-07,YangPyung,2011-09-07,10.0,253.9,0.0,410.4,36.3,574.7,3,10.0
2011-09-08,YangPyung,2011-09-08,9.0,259.7,0.0,408.4,37.9,573.5,3,10.0
2011-09-09,YangPyung,2011-09-09,10.0,287.6,2.5,403.5,39.4,563.2,3,14.0
2011-09-10,YangPyung,2011-09-10,9.0,300.3,2.5,399.3,37.0,560.0,3,5.0
2011-09-11,YangPyung,2011-09-11,8.0,324.9,2.5,394.1,37.5,552.0,3,10.0
2011-09-12,YangPyung,2011-09-12,7.0,344.6,2.5,389.8,39.5,550.4,3,17.0
2011-09-13,YangPyung,2011-09-13,6.0,341.1,2.5,387.5,40.9,550.8,3,19.0
2011-09-14,YangPyung,2011-09-14,5.0,336.5,2.5,385.1,43.7,548.6,3,13.0
2011-09-15,YangPyung,2011-09-15,4.0,336.7,0.0,383.7,44.0,548.7,3,9.0
2011-09-16,YangPyung,2011-09-16,4.0,327.7,0.0,381.4,42.9,547.9,3,15.0
2011-09-17,YangPyung,2011-09-17,4.0,323.7,0.0,380.2,43.3,549.0,3,16.0
2011-09-18,YangPyung,2011-09-18,4.0,336.4,0.5,374.3,39.1,543.0,3,18.0
2011-09-19,YangPyung,2011-09-19,5.0,321.6,0.6,366.0,32.0,528.4,3,7.0
2011-09-20,YangPyung,2011-09-20,4.0,297.3,0.6,360.0,27.9,520.5,3,11.0
2011-09-21,YangPyung,2011-09-21,4.0,273.6,0.6,354.3,25.8,512.1,3,2.0
2011-09-22,YangPyung,2011-09-22,4.0,257.8,0.6,349.0,24.3,506.0,3,5.0
2011-09-23,YangPyung,2011-09-23,4.0,244.7,0.6,345.9,25.4,501.8,3,5.0
2011-09-24,YangPyung,2011-09-24,4.0,244.5,0.1,343.2,27.9,499.2,3,6.0
2011-09-25,YangPyung,2011-09-25,4.0,261.3,-0.0,343.3,29.0,497.1,3,5.0
2011-09-26,YangPyung,2011-09-26,4.0,269.0,-0.0,343.0,29.4,497.5,3,11.0
2011-09-27,YangPyung,2011-09-27,4.0,260.3,-0.0,343.6,30.2,500.9,3,7.0
2011-09-28,YangPyung,2011-09-28,3.0,263.0,-0.0,340.1,32.0,503.7,3,1.0
2011-09-29,YangPyung,2011-09-29,4.0,290.4,22.5,332.0,32.1,496.8,3,1.0
2011-09-30,YangPyung,2011-09-30,4.0,278.6,22.5,322.4,25.8,492.9,3,1.0
2011-10-01,YangPyung,2011-10-01,4.0,275.4,22.5,309.4,18.0,483.5,3,1.0
2011-10-02,YangPyung,2011-10-02,4.0,276.4,22.5,297.1,17.3,470.7,3,1.0
2011-10-03,YangPyung,2011-10-03,4.0,268.1,22.5,285.1,16.9,463.4,3,1.0
2011-10-04,YangPyung,2011-10-04,4.0,232.1,22.5,279.0,15.7,453.3,3,1.0
2011-10-05,YangPyung,2011-10-05,4.0,234.1,0.0,278.6,21.1,444.1,3,1.0
2011-10-06,YangPyung,2011-10-06,4.0,239.3,0.0,277.4,25.4,433.3,3,2.0
2011-10-07,YangPyung,2011-10-07,4.0,254.7,0.0,274.7,23.2,428.1,3,3.0
2011-10-08,YangPyung,2011-10-08,3.0,265.7,0.0,272.8,20.9,432.4,3,2.0
2011-10-09,YangPyung,2011-10-09,3.0,277.4,0.0,269.9,22.3,431.7,3,2.0
2011-10-10,YangPyung,2011-10-10,3.0,295.5,0.0,267.2,24.3,429.5,3,3.0
2011-10-11,YangPyung,2011-10-11,3.0,299.5,0.0,263.7,24.8,427.3,3,3.0
2011-10-12,YangPyung,2011-10-12,3.0,294.5,0.0,257.2,23.1,420.0,3,3.0
2011-10-13,YangPyung,2011-10-13,3.0,290.6,0.0,252.0,21.4,417.5,3,2.0
2011-10-14,YangPyung,2011-10-14,4.0,310.9,5.0,246.6,23.4,406.6,3,3.0
2011-10-15,YangPyung,2011-10-15,5.0,326.6,25.0,242.7,24.1,395.8,3,1.0
2011-10-16,YangPyung,2011-10-16,6.0,331.3,25.5,242.7,22.5,386.7,3,2.0
2011-10-17,YangPyung,2011-10-17,5.0,313.1,25.5,241.2,18.1,378.0,3,2.0
2011-10-18,YangPyung,2011-10-18,4.0,299.1,25.5,237.3,10.9,373.9,3,1.0
2011-10-19,YangPyung,2011-10-19,4.0,263.8,25.5,236.3,8.5,375.7,3,1.0
2011-10-20,YangPyung,2011-10-20,4.0,230.9,20.5,236.9,15.6,379.0,3,1.0
2011-10-21,YangPyung,2011-10-21,4.0,221.2,0.5,237.8,24.1,381.9,3,2.0
2011-10-22,YangPyung,2011-10-22,4.0,246.7,0.0,238.4,27.5,382.8,3,2.0
2011-10-23,YangPyung,2011-10-23,4.0,275.6,0.0,239.5,26.2,383.7,3,2.0
2011-10-24,YangPyung,2011-10-24,5.0,303.9,1.5,235.6,18.9,377.0,3,3.0
2011-10-25,YangPyung,2011-10-25,5.0,288.4,1.5,226.6,10.8,368.9,3,1.0
2011-10-26,YangPyung,2011-10-26,5.0,278.1,1.5,219.2,6.8,363.0,3,1.0
2011-10-27,YangPyung,2011-10-27,5.0,261.9,1.5,215.4,9.7,360.0,3,1.0
2011-10-28,YangPyung,2011-10-28,4.0,245.2,1.5,215.2,17.6,357.3,3,2.0
2011-10-29,YangPyung,2011-10-29,5.0,253.4,6.5,210.6,21.2,349.0,3,2.0
2011-10-30,YangPyung,2011-10-30,5.0,271.3,5.0,211.0,20.9,347.4,3,1.0
2011-10-31,YangPyung,2011-10-31,5.0,271.3,5.0,213.0,19.2,350.8,3,2.0
2012-05-01,YangPyung,2012-05-01,7.0,220.9,2.0,254.1,32.7,398.3,3,5.0
2012-05-02,YangPyung,2012-05-02,7.0,236.2,0.4,265.3,36.3,412.3,3,5.0
2012-05-03,YangPyung,2012-05-03,8.0,247.6,0.6,271.7,36.0,421.3,3,5.0
2012-05-04,YangPyung,2012-05-04,8.0,239.3,0.6,276.2,31.3,425.3,3,5.0
2012-05-05,YangPyung,2012-05-05,8.0,238.4,0.6,278.0,27.8,432.3,3,5.0
2012-05-06,YangPyung,2012-05-06,8.0,224.2,0.6,277.7,26.6,436.7,3,7.0
2012-05-07,YangPyung,2012-05-07,8.0,210.2,0.6,284.8,25.3,440.3,3,5.0
2012-05-08,YangPyung,2012-05-08,8.0,183.9,0.2,296.2,26.4,444.0,3,6.0
2012-05-09,YangPyung,2012-05-09,7.0,180.5,-0.0,304.0,29.2,447.6,3,4.0
2012-05-10,YangPyung,2012-05-10,6.0,183.2,-0.0,304.4,30.5,457.9,3,5.0
2012-05-11,YangPyung,2012-05-11,6.0,206.7,-0.0,305.5,28.7,465.1,3,4.0
2012-05-12,YangPyung,2012-05-12,6.0,231.3,-0.0,310.7,27.6,468.9,3,3.0
2012-05-13,YangPyung,2012-05-13,6.0,256.8,-0.0,314.6,29.2,467.5,3,4.0
2012-05-14,YangPyung,2012-05-14,7.0,290.2,6.5,313.7,29.9,464.0,3,4.0
2012-05-15,YangPyung,2012-05-15,7.0,310.4,6.5,310.7,28.1,469.9,3,4.0
2012-05-16,YangPyung,2012-05-16,7.0,313.6,6.5,304.4,25.7,469.6,3,4.0
2012-05-17,YangPyung,2012-05-17,8.0,312.3,7.0,298.4,26.6,468.0,3,4.0
2012-05-18,YangPyung,2012-05-18,8.0,310.7,7.0,293.4,25.9,466.2,3,4.0
2012-05-19,YangPyung,2012-05-19,8.0,269.9,7.0,292.9,25.1,462.6,3,7.0
2012-05-20,YangPyung,2012-05-20,7.0,243.7,0.5,294.5,27.6,463.0,3,5.0
2012-05-21,YangPyung,2012-05-21,6.0,219.9,0.5,298.7,31.7,462.8,3,4.0
2012-05-22,YangPyung,2012-05-22,6.0,197.9,0.5,303.9,35.0,466.7,3,4.0
2012-05-23,YangPyung,2012-05-23,6.0,186.0,0.0,307.5,36.1,468.8,3,5.0
2012-05-24,YangPyung,2012-05-24,5.0,201.0,0.0,306.4,35.3,467.9,3,6.0
2012-05-25,YangPyung,2012-05-25,4.0,207.3,0.0,306.2,33.2,470.4,3,6.0
2012-05-26,YangPyung,2012-05-26,4.0,217.3,0.0,305.9,30.3,471.6,3,5.0
2012-05-27,YangPyung,2012-05-27,5.0,248.3,0.3,309.0,31.2,467.0,3,5.0
2012-05-28,YangPyung,2012-05-28,6.0,266.8,0.4,312.8,33.5,465.6,3,6.0
2012-05-29,YangPyung,2012-05-29,6.0,254.6,0.4,315.3,35.2,464.4,3,5.0
2012-05-30,YangPyung,2012-05-30,6.0,253.6,0.4,319.9,37.4,468.8,3,5.0
2012-05-31,YangPyung,2012-05-31,6.0,267.4,0.6,323.9,35.2,474.9,3,3.0
2012-06-01,YangPyung,2012-06-01,5.0,254.1,0.6,328.7,32.9,476.4,3,5.0
2012-06-02,YangPyung,2012-06-02,5.0,240.9,0.3,335.2,35.5,488.0,3,11.0
2012-06-03,YangPyung,2012-06-03,5.0,239.0,0.2,340.4,37.2,494.4,3,4.0
2012-06-04,YangPyung,2012-06-04,5.0,229.7,0.2,344.6,36.6,501.5,3,6.0
2012-06-05,YangPyung,2012-06-05,5.0,233.7,0.2,345.8,38.4,508.5,3,5.0
2012-06-06,YangPyung,2012-06-06,5.0,243.4,0.0,345.8,38.9,512.9,3,6.0
2012-06-07,YangPyung,2012-06-07,5.0,261.4,0.0,345.5,37.6,516.5,3,5.0
2012-06-08,YangPyung,2012-06-08,6.0,288.9,2.0,345.6,37.5,515.7,3,13.0
2012-06-09,YangPyung,2012-06-09,6.0,313.3,2.0,350.1,37.6,516.7,3,13.0
2012-06-10,YangPyung,2012-06-10,6.0,309.5,2.0,353.3,39.4,516.1,3,13.0
2012-06-11,YangPyung,2012-06-11,6.0,306.9,2.0,356.7,41.1,516.1,3,1.0
2012-06-12,YangPyung,2012-06-12,6.0,303.0,2.4,360.0,39.3,521.0,3,12.0
2012-06-13,YangPyung,2012-06-13,6.0,289.7,2.4,362.5,37.3,523.3,3,6.0
2012-06-14,YangPyung,2012-06-14,6.0,279.3,0.4,365.7,37.6,528.9,3,12.0
2012-06-15,YangPyung,2012-06-15,5.0,273.3,0.4,368.7,39.7,533.5,3,9.0
2012-06-16,YangPyung,2012-06-16,5.0,275.2,0.4,371.3,40.6,537.4,3,7.0
2012-06-17,YangPyung,2012-06-17,5.0,268.8,0.4,373.5,38.3,541.8,3,11.0
2012-06-18,YangPyung,2012-06-18,5.0,262.2,-0.0,375.3,38.2,548.4,3,22.0
2012-06-19,YangPyung,2012-06-19,5.0,257.9,-0.0,378.0,41.0,554.7,3,28.0
2012-06-20,YangPyung,2012-06-20,5.0,254.2,-0.0,379.7,42.2,559.3,3,15.0
2012-06-21,YangPyung,2012-06-21,5.0,248.2,-0.0,382.9,42.6,562.9,3,11.0
2012-06-22,YangPyung,2012-06-22,5.0,257.1,-0.0,384.2,42.6,563.1,3,30.0
2012-06-23,YangPyung,2012-06-23,5.0,266.4,-0.0,387.4,42.8,565.7,3,25.0
2012-06-24,YangPyung,2012-06-24,5.0,269.9,-0.0,393.0,45.1,571.0,3,31.0
2012-06-25,YangPyung,2012-06-25,4.0,261.3,-0.0,395.3,45.8,575.3,3,19.0
2012-06-26,YangPyung,2012-06-26,3.0,250.9,-0.0,396.2,42.8,576.7,3,15.0
2012-06-27,YangPyung,2012-06-27,3.0,236.6,-0.0,397.8,39.9,579.8,3,15.0
2012-06-28,YangPyung,2012-06-28,3.0,231.2,-0.0,400.5,40.2,579.5,3,18.0
2012-06-29,YangPyung,2012-06-29,3.0,243.3,20.0,403.0,42.9,581.8,3,16.0
2012-06-30,YangPyung,2012-06-30,4.0,290.6,89.5,400.1,42.2,577.7,3,5.0
2012-07-01,YangPyung,2012-07-01,4.0,325.8,89.5,398.0,39.4,574.2,3,5.0
2012-07-02,YangPyung,2012-07-02,4.0,341.5,89.5,398.5,40.9,575.1,3,19.0
2012-07-03,YangPyung,2012-07-03,5.0,369.2,114.5,397.6,41.4,569.1,3,21.0
2012-07-04,YangPyung,2012-07-04,6.0,388.6,114.8,397.1,42.3,568.5,3,10.0
2012-07-05,YangPyung,2012-07-05,7.0,390.4,166.8,393.8,43.5,563.2,3,5.0
2012-07-06,YangPyung,2012-07-06,8.0,399.1,199.8,389.3,40.8,555.2,3,4.0
2012-07-07,YangPyung,2012-07-07,7.0,398.4,199.8,388.4,38.4,556.0,3,4.0
2012-07-08,YangPyung,2012-07-08,7.0,384.8,199.8,389.9,39.9,553.2,3,9.0
2012-07-09,YangPyung,2012-07-09,7.0,369.1,174.8,390.0,43.3,554.2,3,15.0
2012-07-10,YangPyung,2012-07-10,8.0,346.9,181.0,388.1,43.6,550.9,3,21.0
2012-07-11,YangPyung,2012-07-11,8.0,341.6,117.0,384.9,42.7,548.1,3,9.0
2012-07-12,YangPyung,2012-07-12,8.0,351.8,14.5,385.0,42.1,544.9,3,8.0
2012-07-13,YangPyung,2012-07-13,9.0,363.4,91.0,386.3,42.9,541.4,3,8.0
2012-07-14,YangPyung,2012-07-14,10.0,381.4,99.0,383.8,42.2,534.4,3,10.0
2012-07-15,YangPyung,2012-07-15,11.0,403.5,131.5,377.6,39.5,524.1,3,10.0
2012-07-16,YangPyung,2012-07-16,12.0,400.3,127.5,377.4,38.1,518.1,3,7.0
2012-07-17,YangPyung,2012-07-17,12.0,398.5,119.5,381.3,40.6,517.5,3,37.0
2012-07-18,YangPyung,2012-07-18,13.0,401.2,125.5,383.6,46.3,514.9,3,41.0
2012-07-19,YangPyung,2012-07-19,14.0,404.4,121.5,384.8,47.1,517.7,3,37.0
2012-07-20,YangPyung,2012-07-20,15.0,388.5,114.5,386.0,44.5,522.0,3,43.0
2012-07-21,YangPyung,2012-07-21,15.0,375.6,82.0,390.8,46.2,523.6,3,50.0
2012-07-22,YangPyung,2012-07-22,16.0,379.5,96.0,397.1,47.8,528.3,3,50.0
2012-07-23,YangPyung,2012-07-23,17.0,374.6,97.0,399.9,49.3,531.4,3,50.0
2012-07-24,YangPyung,2012-07-24,17.0,361.2,91.0,401.9,51.1,538.9,3,33.0
2012-07-25,YangPyung,2012-07-25,17.0,355.6,18.5,403.5,49.7,549.2,3,30.0
2012-07-26,YangPyung,2012-07-26,17.0,351.6,17.5,405.7,48.5,550.8,3,28.0
2012-07-27,YangPyung,2012-07-27,17.0,345.2,17.5,410.3,49.2,552.4,3,15.0
2012-07-28,YangPyung,2012-07-28,16.0,338.6,1.0,414.1,50.1,553.3,3,13.0
2012-07-29,YangPyung,2012-07-29,15.0,333.5,0.0,417.2,51.4,557.4,3,13.0
2012-07-30,YangPyung,2012-07-30,16.0,337.8,18.0,422.8,49.2,562.5,3,7.0
2012-07-31,YangPyung,2012-07-31,17.0,340.5,18.1,432.1,49.6,567.0,3,5.0
2012-08-01,YangPyung,2012-08-01,16.0,329.3,18.1,441.2,52.5,573.0,3,11.0
2012-08-02,YangPyung,2012-08-02,15.0,315.6,18.1,446.5,52.7,582.3,3,3.0
2012-08-03,YangPyung,2012-08-03,14.0,300.7,18.1,451.5,53.9,597.2,3,1.0
2012-08-04,YangPyung,2012-08-04,13.0,278.5,18.1,459.3,55.3,608.4,3,2.0
2012-08-05,YangPyung,2012-08-05,13.0,263.4,0.1,465.5,55.7,616.1,3,2.0
2012-08-06,YangPyung,2012-08-06,13.0,260.7,0.0,469.5,55.3,623.5,3,3.0
2012-08-07,YangPyung,2012-08-07,13.0,255.1,0.0,473.0,54.4,632.0,3,2.0
2012-08-08,YangPyung,2012-08-08,12.0,254.8,0.0,475.0,52.2,636.6,3,2.0
2012-08-09,YangPyung,2012-08-09,11.0,268.2,0.0,476.9,52.2,639.8,3,2.0
2012-08-10,YangPyung,2012-08-10,12.0,286.6,0.3,476.4,52.3,638.4,3,3.0
2012-08-11,YangPyung,2012-08-11,11.0,297.5,0.3,476.0,49.7,639.7,3,36.0
2012-08-12,YangPyung,2012-08-12,11.0,329.8,17.3,473.6,46.3,635.5,3,36.0
2012-08-13,YangPyung,2012-08-13,11.0,343.2,19.3,471.7,44.4,635.5,3,16.0
2012-08-14,YangPyung,2012-08-14,11.0,344.0,34.8,469.2,45.3,634.1,3,21.0
2012-08-15,YangPyung,2012-08-15,12.0,362.6,171.3,464.5,45.6,628.9,3,1.0
2012-08-16,YangPyung,2012-08-16,11.0,366.4,171.0,461.5,45.1,624.6,3,8.0
2012-08-17,YangPyung,2012-08-17,10.0,360.1,171.0,458.2,47.0,623.6,3,13.0
2012-08-18,YangPyung,2012-08-18,10.0,375.4,156.0,454.6,50.1,620.6,3,6.0
2012-08-19,YangPyung,2012-08-19,11.0,386.9,159.0,451.2,52.1,618.4,3,5.0
2012-08-20,YangPyung,2012-08-20,11.0,386.3,203.0,444.9,50.3,610.2,3,6.0
2012-08-21,YangPyung,2012-08-21,11.0,402.9,203.5,438.4,47.5,603.4,3,5.0
2012-08-22,YangPyung,2012-08-22,12.0,409.4,220.5,428.9,43.8,592.6,3,5.0
2012-08-23,YangPyung,2012-08-23,13.0,397.4,220.6,421.2,40.8,582.1,3,5.0
2012-08-24,YangPyung,2012-08-24,14.0,391.6,226.1,414.9,41.6,571.5,3,5.0
2012-08-25,YangPyung,2012-08-25,15.0,384.3,232.6,410.2,42.6,564.6,3,4.0
2012-08-26,YangPyung,2012-08-26,15.0,371.2,173.1,410.3,45.6,562.0,3,10.0
2012-08-27,YangPyung,2012-08-27,15.0,350.6,36.1,411.1,48.6,560.6,3,11.0
2012-08-28,YangPyung,2012-08-28,15.0,351.8,32.6,411.7,46.3,555.4,3,7.0
2012-08-29,YangPyung,2012-08-29,15.0,352.1,38.5,410.8,43.5,555.5,3,4.0
2012-08-30,YangPyung,2012-08-30,16.0,357.8,65.5,405.5,40.4,548.4,3,2.0
2012-08-31,YangPyung,2012-08-31,16.0,351.1,54.0,405.6,37.4,548.9,3,9.0
2012-09-01,YangPyung,2012-09-01,16.0,360.2,54.0,404.8,41.0,546.2,3,10.0
2012-09-02,YangPyung,2012-09-02,16.0,355.8,54.0,402.3,43.1,544.5,3,12.0
2012-09-03,YangPyung,2012-09-03,16.0,356.9,40.5,400.0,43.0,545.9,3,12.0
2012-09-04,YangPyung,2012-09-04,17.0,355.2,90.0,394.1,41.9,541.4,3,14.0
2012-09-05,YangPyung,2012-09-05,18.0,350.7,66.0,391.0,38.9,535.3,3,9.0
2012-09-06,YangPyung,2012-09-06,18.0,334.6,66.0,387.3,35.2,533.8,3,15.0
2012-09-07,YangPyung,2012-09-07,19.0,330.1,69.0,387.8,32.9,530.2,3,11.0
2012-09-08,YangPyung,2012-09-08,19.0,330.5,94.0,385.0,34.6,526.8,3,34.0
2012-09-09,YangPyung,2012-09-09,19.0,314.8,94.0,382.6,34.8,523.1,3,40.0
2012-09-10,YangPyung,2012-09-10,18.0,315.1,38.5,380.8,34.9,526.8,3,15.0
2012-09-11,YangPyung,2012-09-11,17.0,315.3,28.0,376.1,35.9,528.6,3,24.0
2012-09-12,YangPyung,2012-09-12,17.0,323.6,28.5,369.2,37.7,527.3,3,14.0
2012-09-13,YangPyung,2012-09-13,17.0,338.9,39.0,363.1,38.2,519.5,3,11.0
2012-09-14,YangPyung,2012-09-14,18.0,339.0,16.0,356.8,35.9,508.9,3,10.0
2012-09-15,YangPyung,2012-09-15,18.0,334.4,16.0,356.4,34.3,501.5,3,23.0
2012-09-16,YangPyung,2012-09-16,18.0,341.4,18.5,352.5,34.5,494.2,3,19.0
2012-09-17,YangPyung,2012-09-17,18.0,359.3,104.0,344.6,33.5,483.5,3,16.0
2012-09-18,YangPyung,2012-09-18,17.0,341.6,103.5,340.5,33.7,483.4,3,29.0
2012-09-19,YangPyung,2012-09-19,16.0,337.0,90.0,336.2,35.4,480.2,3,12.0
2012-09-20,YangPyung,2012-09-20,15.0,349.8,88.0,334.3,33.3,475.5,3,11.0
2012-09-21,YangPyung,2012-09-21,14.0,358.0,88.0,332.1,32.8,470.3,3,12.0
2012-09-22,YangPyung,2012-09-22,13.0,331.8,85.5,331.2,32.4,468.2,3,16.0
2012-09-23,YangPyung,2012-09-23,12.0,319.0,0.0,329.9,31.6,470.4,3,20.0
2012-09-24,YangPyung,2012-09-24,12.0,304.9,0.0,331.2,32.5,471.8,3,20.0
2012-09-25,YangPyung,2012-09-25,12.0,287.6,0.0,332.1,33.0,472.5,3,23.0
2012-09-26,YangPyung,2012-09-26,11.0,279.3,0.0,330.2,34.4,470.7,3,16.0
2012-09-27,YangPyung,2012-09-27,10.0,280.7,0.0,327.7,35.2,470.6,3,13.0
2012-09-28,YangPyung,2012-09-28,10.0,296.4,13.5,324.1,33.1,467.6,3,50.0
2012-09-29,YangPyung,2012-09-29,11.0,305.4,14.0,320.5,29.4,459.1,3,50.0
2012-09-30,YangPyung,2012-09-30,11.0,316.9,14.0,317.3,26.0,452.6,3,8.0
2012-10-01,YangPyung,2012-10-01,11.0,321.2,14.0,314.4,24.5,452.4,3,10.0
2012-10-02,YangPyung,2012-10-02,11.0,323.5,14.0,313.8,26.8,456.2,3,11.0
2012-10-03,YangPyung,2012-10-03,10.0,311.6,14.0,316.4,29.3,460.4,3,13.0
2012-10-04,YangPyung,2012-10-04,9.0,314.4,0.5,314.5,29.4,459.1,3,14.0
2012-10-05,YangPyung,2012-10-05,9.0,312.0,0.0,312.9,29.3,459.8,3,9.0
2012-10-06,YangPyung,2012-10-06,8.0,300.6,0.0,312.4,31.0,465.9,3,12.0
2012-10-07,YangPyung,2012-10-07,7.0,291.2,0.0,311.5,31.2,465.7,3,11.0
2012-10-08,YangPyung,2012-10-08,7.0,283.8,0.0,309.2,29.7,463.9,3,13.0
2012-10-09,YangPyung,2012-10-09,7.0,282.2,0.0,305.6,28.4,461.6,3,11.0
2012-10-10,YangPyung,2012-10-10,8.0,290.4,13.0,299.8,26.4,457.6,3,10.0
2012-10-11,YangPyung,2012-10-11,7.0,284.9,13.0,291.9,22.5,450.2,3,13.0
2012-10-12,YangPyung,2012-10-12,6.0,281.8,13.0,285.5,18.4,445.0,3,10.0
2012-10-13,YangPyung,2012-10-13,5.0,282.8,13.0,281.6,19.8,440.6,3,17.0
2012-10-14,YangPyung,2012-10-14,5.0,262.7,13.0,279.9,23.3,434.6,3,16.0
2012-10-15,YangPyung,2012-10-15,4.0,226.4,13.0,278.3,22.3,431.0,3,15.0
2012-10-16,YangPyung,2012-10-16,3.0,225.5,0.0,279.2,21.1,430.8,3,13.0
2012-10-17,YangPyung,2012-10-17,4.0,230.7,2.5,273.7,18.9,426.4,3,13.0
2012-10-18,YangPyung,2012-10-18,4.0,223.2,2.5,266.0,14.1,423.6,3,13.0
2012-10-19,YangPyung,2012-10-19,4.0,235.6,2.5,260.9,16.3,422.7,3,13.0
2012-10-20,YangPyung,2012-10-20,4.0,267.3,2.5,257.7,20.8,419.1,3,13.0
2012-10-21,YangPyung,2012-10-21,4.0,291.3,2.5,257.0,25.9,417.9,3,13.0
2012-10-22,YangPyung,2012-10-22,5.0,311.6,42.0,250.8,23.9,409.0,3,13.0
2012-10-23,YangPyung,2012-10-23,5.0,314.5,39.5,241.6,13.0,399.3,3,13.0
2012-10-24,YangPyung,2012-10-24,5.0,325.0,39.5,236.4,14.0,394.9,3,13.0
2012-10-25,YangPyung,2012-10-25,5.0,328.5,39.5,234.0,22.1,390.4,3,13.0
2012-10-26,YangPyung,2012-10-26,5.0,320.1,39.5,234.2,23.7,388.3,3,13.0
2012-10-27,YangPyung,2012-10-27,5.0,327.3,83.5,234.6,23.6,381.3,3,13.0
2012-10-28,YangPyung,2012-10-28,4.0,343.3,44.0,234.0,23.3,377.7,3,13.0
2012-10-29,YangPyung,2012-10-29,4.0,341.1,44.0,229.3,18.8,374.1,3,13.0
2012-10-30,YangPyung,2012-10-30,5.0,328.0,44.1,221.6,13.8,367.5,3,13.0
2012-10-31,YangPyung,2012-10-31,6.0,316.8,44.3,213.7,8.6,357.7,3,13.0
2013-06-01,YangPyung,2013-06-01,8.0,325.7,70.5,315.2,31.3,477.6,3,17.0
2013-06-02,YangPyung,2013-06-02,8.0,285.2,14.0,318.5,33.7,483.1,3,17.0
2013-06-03,YangPyung,2013-06-03,8.0,256.4,2.5,322.1,34.7,485.4,3,17.0
2013-06-04,YangPyung,2013-06-04,9.0,252.8,0.2,328.3,35.9,485.5,3,17.0
2013-06-05,YangPyung,2013-06-05,9.0,258.0,0.2,338.7,36.6,489.3,3,17.0
2013-06-06,YangPyung,2013-06-06,9.0,269.6,0.2,346.0,40.8,497.0,3,17.0
2013-06-07,YangPyung,2013-06-07,8.0,271.9,0.2,352.0,42.4,506.6,3,17.0
2013-06-08,YangPyung,2013-06-08,7.0,261.4,0.2,356.3,41.7,519.3,3,17.0
2013-06-09,YangPyung,2013-06-09,7.0,245.4,0.2,362.4,43.3,527.1,3,17.0
2013-06-10,YangPyung,2013-06-10,6.0,229.1,0.0,365.2,43.9,533.4,3,17.0
2013-06-11,YangPyung,2013-06-11,7.0,231.1,7.0,365.0,42.1,529.9,3,17.0
2013-06-12,YangPyung,2013-06-12,8.0,265.6,13.5,365.8,40.1,524.9,3,17.0
2013-06-13,YangPyung,2013-06-13,8.0,287.6,13.5,369.9,38.4,520.6,3,17.0
2013-06-14,YangPyung,2013-06-14,8.0,311.6,13.5,378.4,39.7,521.9,3,17.0
2013-06-15,YangPyung,2013-06-15,8.0,334.5,13.5,383.8,42.2,528.4,3,17.0
2013-06-16,YangPyung,2013-06-16,7.0,346.4,13.5,385.0,41.1,535.0,3,17.0
2013-06-17,YangPyung,2013-06-17,7.0,337.8,7.0,385.6,39.7,542.7,3,17.0
2013-06-18,YangPyung,2013-06-18,8.0,357.4,12.5,383.8,40.4,540.8,3,17.0
2013-06-19,YangPyung,2013-06-19,9.0,366.2,12.6,386.8,41.1,542.6,3,0.0
2013-06-20,YangPyung,2013-06-20,9.0,366.3,12.6,389.8,41.5,545.8,3,0.0
2013-06-21,YangPyung,2013-06-21,9.0,354.0,12.6,391.6,43.8,546.8,3,1.0
2013-06-22,YangPyung,2013-06-22,9.0,341.1,12.6,391.7,45.6,549.7,3,15.0
2013-06-23,YangPyung,2013-06-23,10.0,320.6,12.4,388.9,43.3,547.5,3,12.0
2013-06-24,YangPyung,2013-06-24,10.0,316.1,0.4,386.0,40.2,546.5,3,17.0
2013-06-25,YangPyung,2013-06-25,9.0,316.2,0.3,383.7,40.6,546.3,3,25.0
2013-06-26,YangPyung,2013-06-26,8.0,318.5,0.3,380.7,42.1,544.9,3,18.0
2013-06-27,YangPyung,2013-06-27,7.0,317.7,0.3,382.1,41.5,545.5,3,22.0
2013-06-28,YangPyung,2013-06-28,8.0,309.2,1.8,387.1,41.9,543.7,3,40.0
2013-06-29,YangPyung,2013-06-29,8.0,297.4,1.5,391.3,43.3,544.1,3,50.0
2013-06-30,YangPyung,2013-06-30,9.0,299.2,1.7,394.4,45.2,549.3,3,0.0
2013-07-01,YangPyung,2013-07-01,9.0,297.8,1.7,396.9,47.3,558.1,3,5.0
2013-07-02,YangPyung,2013-07-02,10.0,317.2,53.2,398.7,45.4,558.5,3,5.0
2013-07-03,YangPyung,2013-07-03,9.0,325.2,53.2,401.6,42.0,559.5,3,4.0
2013-07-04,YangPyung,2013-07-04,10.0,354.7,84.2,404.8,43.6,558.0,3,4.0
2013-07-05,YangPyung,2013-07-05,11.0,367.7,85.2,406.1,45.2,560.7,3,3.0
2013-07-06,YangPyung,2013-07-06,11.0,382.3,85.0,405.5,43.7,565.5,3,2.0
2013-07-07,YangPyung,2013-07-07,12.0,378.6,88.0,403.8,44.0,571.9,3,4.0
2013-07-08,YangPyung,2013-07-08,13.0,398.1,104.5,403.0,44.7,568.6,3,4.0
2013-07-09,YangPyung,2013-07-09,14.0,401.1,111.0,404.6,45.8,563.7,3,8.0
2013-07-10,YangPyung,2013-07-10,14.0,410.5,79.5,406.4,48.1,558.0,3,3.0
2013-07-11,YangPyung,2013-07-11,14.0,423.5,92.5,405.9,48.4,553.5,3,11.0
2013-07-12,YangPyung,2013-07-12,15.0,433.1,166.5,405.0,47.0,551.6,3,3.0
2013-07-13,YangPyung,2013-07-13,16.0,434.6,328.5,404.1,45.4,547.8,3,4.0
2013-07-14,YangPyung,2013-07-14,17.0,438.2,283.5,402.7,45.3,543.4,3,50.0
2013-07-15,YangPyung,2013-07-15,18.0,435.5,280.5,402.0,46.7,542.8,3,7.0
2013-07-16,YangPyung,2013-07-16,18.0,419.9,281.0,401.2,48.8,539.8,3,4.0
2013-07-17,YangPyung,2013-07-17,18.0,420.6,285.5,398.3,48.7,534.9,3,5.0
2013-07-18,YangPyung,2013-07-18,18.0,416.1,238.0,399.1,47.3,530.0,3,3.0
2013-07-19,YangPyung,2013-07-19,18.0,397.2,73.0,400.7,47.1,528.6,3,6.0
2013-07-20,YangPyung,2013-07-20,19.0,389.5,51.0,402.8,48.6,527.6,3,12.0
2013-07-21,YangPyung,2013-07-21,20.0,397.9,48.0,404.0,50.9,528.1,3,14.0
2013-07-22,YangPyung,2013-07-22,20.0,389.8,131.0,405.2,49.7,526.8,3,16.0
2013-07-23,YangPyung,2013-07-23,21.0,391.5,169.0,406.0,48.8,525.6,3,25.0
2013-07-24,YangPyung,2013-07-24,22.0,398.5,154.0,406.4,47.9,523.0,3,45.0
2013-07-25,YangPyung,2013-07-25,22.0,397.9,154.0,407.9,46.1,522.6,3,26.0
2013-07-26,YangPyung,2013-07-26,22.0,390.0,153.0,409.1,46.0,524.2,3,19.0
2013-07-27,YangPyung,2013-07-27,22.0,376.8,152.7,410.7,46.2,529.1,3,8.0
2013-07-28,YangPyung,2013-07-28,23.0,375.0,79.2,412.4,47.0,529.6,3,12.0
2013-07-29,YangPyung,2013-07-29,23.0,378.3,26.2,414.7,48.3,533.1,3,9.0
2013-07-30,YangPyung,2013-07-30,24.0,380.4,24.2,416.9,48.4,537.9,3,10.0
2013-07-31,YangPyung,2013-07-31,24.0,384.9,32.7,416.8,48.7,542.6,3,7.0
2013-08-01,YangPyung,2013-08-01,24.0,384.4,32.7,417.9,49.2,549.1,3,8.0
2013-08-02,YangPyung,2013-08-02,24.0,379.3,40.0,421.1,49.7,553.0,3,10.0
2013-08-03,YangPyung,2013-08-03,24.0,369.3,29.1,424.9,51.9,556.5,3,7.0
2013-08-04,YangPyung,2013-08-04,25.0,371.8,30.1,426.4,53.1,559.0,3,17.0
2013-08-05,YangPyung,2013-08-05,25.0,375.3,27.6,427.1,52.8,563.4,3,50.0
2013-08-06,YangPyung,2013-08-06,25.0,388.8,64.1,426.7,49.4,563.3,3,22.0
2013-08-07,YangPyung,2013-08-07,24.0,382.2,64.1,429.0,48.0,564.9,3,22.0
2013-08-08,YangPyung,2013-08-08,23.0,383.4,56.6,432.6,52.3,567.4,3,30.0
2013-08-09,YangPyung,2013-08-09,22.0,386.9,56.5,437.1,55.2,569.8,3,22.0
2013-08-10,YangPyung,2013-08-10,22.0,390.4,54.0,439.1,53.7,569.8,3,8.0
2013-08-11,YangPyung,2013-08-11,21.0,381.4,47.0,441.3,50.0,576.6,3,22.0
2013-08-12,YangPyung,2013-08-12,20.0,377.4,2.0,444.4,51.3,581.6,3,18.0
2013-08-13,YangPyung,2013-08-13,19.0,369.5,2.0,448.1,53.7,584.3,3,22.0
2013-08-14,YangPyung,2013-08-14,18.0,356.7,2.0,450.2,52.8,585.2,3,15.0
2013-08-15,YangPyung,2013-08-15,17.0,345.8,2.0,452.6,52.0,586.4,3,22.0
2013-08-16,YangPyung,2013-08-16,17.0,345.8,4.5,454.9,51.9,591.4,3,1.0
2013-08-17,YangPyung,2013-08-17,17.0,345.6,4.5,455.6,53.2,593.4,3,9.0
2013-08-18,YangPyung,2013-08-18,17.0,352.8,17.5,456.5,53.1,595.0,3,4.0
2013-08-19,YangPyung,2013-08-19,17.0,354.6,23.5,455.8,51.7,598.3,3,50.0
2013-08-20,YangPyung,2013-08-20,16.0,345.1,23.5,454.9,48.7,598.5,3,7.0
2013-08-21,YangPyung,2013-08-21,15.0,328.2,23.5,456.0,47.2,603.1,3,17.0
2013-08-22,YangPyung,2013-08-22,14.0,317.2,19.0,458.9,50.5,602.8,3,13.0
2013-08-23,YangPyung,2013-08-23,15.0,323.3,54.0,455.9,50.0,600.2,3,10.0
2013-08-24,YangPyung,2013-08-24,15.0,314.8,41.0,453.2,45.6,601.6,3,10.0
2013-08-25,YangPyung,2013-08-25,14.0,305.1,35.0,451.1,43.9,606.1,3,13.0
2013-08-26,YangPyung,2013-08-26,13.0,302.5,35.0,450.1,44.8,605.6,3,12.0
2013-08-27,YangPyung,2013-08-27,12.0,305.5,35.0,447.0,45.3,602.1,3,13.0
2013-08-28,YangPyung,2013-08-28,11.0,286.0,35.0,444.1,45.2,602.1,3,49.0
2013-08-29,YangPyung,2013-08-29,11.0,304.7,21.5,440.6,47.2,599.4,3,12.0
2013-08-30,YangPyung,2013-08-30,11.0,322.0,21.5,437.1,46.8,594.5,3,31.0
2013-08-31,YangPyung,2013-08-31,11.0,335.5,24.0,432.4,43.4,589.8,3,16.0
2013-09-01,YangPyung,2013-09-01,10.0,328.5,24.0,427.2,40.9,585.1,3,20.0
2013-09-02,YangPyung,2013-09-02,9.0,319.0,24.0,420.9,37.1,580.0,3,44.0
2013-09-03,YangPyung,2013-09-03,8.0,283.4,24.0,414.3,33.7,574.4,3,25.0
2013-09-04,YangPyung,2013-09-04,7.0,260.3,2.5,408.1,32.8,570.2,3,32.0
2013-09-05,YangPyung,2013-09-05,7.0,247.4,2.5,401.9,34.3,562.7,3,25.0
2013-09-06,YangPyung,2013-09-06,7.0,252.4,-0.0,393.9,36.9,554.3,3,16.0
2013-09-07,YangPyung,2013-09-07,7.0,264.3,-0.0,386.5,36.9,548.9,3,29.0
2013-09-08,YangPyung,2013-09-08,6.0,284.2,-0.0,383.7,36.3,544.5,3,50.0
2013-09-09,YangPyung,2013-09-09,6.0,304.7,-0.0,380.1,38.2,537.1,3,50.0
2013-09-10,YangPyung,2013-09-10,7.0,328.1,11.5,375.0,38.9,530.0,3,25.0
2013-09-11,YangPyung,2013-09-11,8.0,359.1,48.0,368.1,38.2,522.2,3,12.0
2013-09-12,YangPyung,2013-09-12,9.0,377.7,48.5,365.5,39.4,517.0,3,46.0
2013-09-13,YangPyung,2013-09-13,10.0,401.8,98.5,362.0,41.2,510.1,3,2.0
2013-09-14,YangPyung,2013-09-14,10.0,415.9,110.0,359.6,42.4,503.8,3,14.0
2013-09-15,YangPyung,2013-09-15,10.0,399.1,110.0,357.9,41.8,502.7,3,15.0
2013-09-16,YangPyung,2013-09-16,9.0,357.8,98.5,354.8,35.5,498.9,3,20.0
2013-09-17,YangPyung,2013-09-17,8.0,325.8,62.0,353.9,32.2,501.5,3,12.0
2013-09-18,YangPyung,2013-09-18,8.0,292.3,61.5,355.9,34.5,504.3,3,17.0
2013-09-19,YangPyung,2013-09-19,8.0,267.2,11.5,358.9,38.0,506.6,3,27.0
2013-09-20,YangPyung,2013-09-20,8.0,279.2,0.0,360.3,40.6,506.4,3,18.0
2013-09-21,YangPyung,2013-09-21,7.0,296.8,0.0,362.9,40.0,507.3,3,20.0
2013-09-22,YangPyung,2013-09-22,7.0,303.3,0.0,365.2,40.3,507.7,3,19.0
2013-09-23,YangPyung,2013-09-23,7.0,304.9,0.0,367.1,39.0,509.2,3,12.0
2013-09-24,YangPyung,2013-09-24,8.0,330.7,4.5,366.2,38.6,509.0,3,8.0
2013-09-25,YangPyung,2013-09-25,8.0,316.5,4.5,362.7,35.3,510.1,3,13.0
2013-09-26,YangPyung,2013-09-26,8.0,286.5,4.5,358.0,28.0,505.7,3,19.0
2013-09-27,YangPyung,2013-09-27,7.0,282.5,4.5,355.8,23.6,501.8,3,12.0
2013-09-28,YangPyung,2013-09-28,8.0,297.5,8.5,350.2,26.1,495.2,3,17.0
2013-09-29,YangPyung,2013-09-29,8.0,301.8,27.5,344.5,29.9,489.7,3,6.0
2013-09-30,YangPyung,2013-09-30,9.0,316.3,24.0,342.1,32.7,494.3,3,13.0
2013-10-01,YangPyung,2013-10-01,9.0,346.2,24.0,340.3,35.2,495.2,3,23.0
2013-10-02,YangPyung,2013-10-02,9.0,353.9,24.0,338.8,32.2,492.8,3,28.0
2013-10-03,YangPyung,2013-10-03,9.0,332.4,24.0,332.5,26.0,488.8,3,37.0
2013-10-04,YangPyung,2013-10-04,9.0,300.9,20.0,325.5,21.7,485.7,3,17.0
2013-10-05,YangPyung,2013-10-05,9.0,277.1,1.0,320.8,23.3,486.8,3,16.0
2013-10-06,YangPyung,2013-10-06,9.0,263.8,0.0,318.2,28.0,483.2,3,17.0
2013-10-07,YangPyung,2013-10-07,9.0,271.1,0.0,317.2,35.2,479.0,3,50.0
2013-10-08,YangPyung,2013-10-08,10.0,305.4,3.0,314.1,37.8,470.6,3,20.0
2013-10-09,YangPyung,2013-10-09,9.0,314.7,3.0,310.8,33.5,469.0,3,50.0
2013-10-10,YangPyung,2013-10-10,8.0,337.7,3.0,309.9,31.4,467.6,3,50.0
2013-10-11,YangPyung,2013-10-11,8.0,341.7,9.5,308.5,30.0,461.1,3,50.0
2013-10-12,YangPyung,2013-10-12,7.0,329.6,9.5,307.6,25.1,453.6,3,25.0
2013-10-13,YangPyung,2013-10-13,6.0,308.2,9.5,307.0,23.2,453.1,3,14.0
2013-10-14,YangPyung,2013-10-14,6.0,307.9,6.5,307.9,25.5,453.3,3,14.0
2013-10-15,YangPyung,2013-10-15,7.0,316.3,10.0,302.7,21.0,448.2,3,13.0
2013-10-16,YangPyung,2013-10-16,7.0,311.9,10.0,293.2,13.8,441.0,3,3.0
2013-10-17,YangPyung,2013-10-17,7.0,313.6,3.5,284.0,12.9,440.0,3,6.0
2013-10-18,YangPyung,2013-10-18,7.0,306.4,3.5,278.2,14.9,440.5,3,5.0
2013-10-19,YangPyung,2013-10-19,7.0,301.9,3.5,276.5,17.9,434.5,3,7.0
2013-10-20,YangPyung,2013-10-20,7.0,282.6,3.5,275.8,21.5,430.2,3,12.0
2013-10-21,YangPyung,2013-10-21,7.0,279.8,0.0,272.0,23.7,429.6,3,11.0
2013-10-22,YangPyung,2013-10-22,7.0,270.4,0.0,267.1,23.3,430.0,3,10.0
2013-10-23,YangPyung,2013-10-23,6.0,264.7,0.0,260.5,23.5,427.0,3,9.0
2013-10-24,YangPyung,2013-10-24,6.0,256.4,0.0,253.6,20.0,417.4,3,8.0
2013-10-25,YangPyung,2013-10-25,6.0,238.2,0.0,242.4,13.1,406.2,3,3.0
2013-10-26,YangPyung,2013-10-26,6.0,238.4,0.0,231.3,9.6,395.0,3,2.0
2013-10-27,YangPyung,2013-10-27,5.0,248.6,0.0,224.6,9.4,391.2,3,3.0
2013-10-28,YangPyung,2013-10-28,4.0,265.0,0.0,219.8,11.8,381.5,3,5.0
2013-10-29,YangPyung,2013-10-29,4.0,285.5,0.5,215.2,16.2,371.6,3,4.0
2013-10-30,YangPyung,2013-10-30,4.0,302.5,0.5,207.4,15.9,367.1,3,6.0
2013-10-31,YangPyung,2013-10-31,4.0,306.9,0.5,207.1,11.9,364.4,3,3.0
2013-11-01,YangPyung,2013-11-01,4.0,301.4,0.5,210.7,14.1,361.7,3,3.0
2013-11-02,YangPyung,2013-11-02,5.0,315.7,8.0,209.9,17.2,352.2,3,6.0
2013-11-03,YangPyung,2013-11-03,5.0,324.7,8.0,208.2,16.4,351.5,3,4.0
2013-11-04,YangPyung,2013-11-04,5.0,336.1,7.5,206.2,17.0,352.3,3,4.0
2013-11-05,YangPyung,2013-11-05,5.0,345.5,7.5,201.8,16.7,351.9,3,4.0
2013-11-06,YangPyung,2013-11-06,5.0,372.2,8.5,197.8,16.5,347.6,3,4.0
2013-11-07,YangPyung,2013-11-07,6.0,345.3,8.6,194.1,16.5,343.9,3,4.0
2013-11-08,YangPyung,2013-11-08,7.0,308.4,1.2,186.9,11.5,335.5,3,4.0
2013-11-09,YangPyung,2013-11-09,7.0,300.2,6.7,185.4,13.2,328.8,3,4.0
2013-11-10,YangPyung,2013-11-10,7.0,281.2,6.7,181.6,11.3,317.5,3,1.0
2013-11-11,YangPyung,2013-11-11,7.0,236.6,6.7,174.2,0.7,302.9,3,1.0
2013-11-12,YangPyung,2013-11-12,7.0,219.8,5.7,166.2,-2.5,292.9,3,1.0
2013-11-13,YangPyung,2013-11-13,6.0,219.9,5.6,159.4,-2.0,289.8,3,1.0
2013-11-14,YangPyung,2013-11-14,7.0,212.9,6.5,153.4,2.2,284.0,3,1.0
2013-11-15,YangPyung,2013-11-15,8.0,245.9,3.0,151.1,8.9,278.4,3,4.0
2013-11-16,YangPyung,2013-11-16,9.0,285.0,5.0,146.4,8.2,273.7,3,1.0
2013-11-17,YangPyung,2013-11-17,10.0,307.0,6.0,136.8,4.6,264.8,3,1.0
2013-11-18,YangPyung,2013-11-18,10.0,317.1,6.0,126.3,0.7,252.8,3,2.0
2013-11-19,YangPyung,2013-11-19,10.0,315.9,6.0,115.5,-3.2,237.8,3,0.0
2013-11-20,YangPyung,2013-11-20,10.0,276.4,5.0,104.4,-3.6,223.0,3,1.0
2013-11-21,YangPyung,2013-11-21,10.0,253.2,3.0,94.7,-3.3,215.4,3,1.0
2013-11-22,YangPyung,2013-11-22,10.0,253.0,1.0,87.1,-2.1,209.2,3,0.0
2013-11-23,YangPyung,2013-11-23,10.0,264.0,0.0,82.0,1.5,204.1,3,2.0
2013-11-24,YangPyung,2013-11-24,11.0,284.4,14.0,80.3,6.6,196.2,3,2.0
2013-11-25,YangPyung,2013-11-25,12.0,310.2,23.5,73.4,4.3,190.5,3,1.0
2013-11-26,YangPyung,2013-11-26,13.0,322.3,25.0,70.0,-2.5,180.5,3,1.0
2013-11-27,YangPyung,2013-11-27,13.0,331.2,26.7,67.4,-6.7,170.7,3,1.0
2013-11-28,YangPyung,2013-11-28,13.0,315.5,26.7,60.2,-10.7,154.3,3,0.0
2013-11-29,YangPyung,2013-11-29,13.0,294.1,26.7,54.7,-11.8,148.7,3,1.0
2013-11-30,YangPyung,2013-11-30,13.0,286.4,12.7,53.3,-6.5,151.8,3,1.0
2013-12-01,YangPyung,2013-12-01,12.0,292.4,3.2,49.6,0.3,151.9,3,1.0
2013-12-02,YangPyung,2013-12-02,12.0,289.9,1.7,46.5,1.5,147.1,3,0.0
2013-12-03,YangPyung,2013-12-03,12.0,303.6,-0.0,48.0,4.6,147.1,3,1.0
2013-12-04,YangPyung,2013-12-04,12.0,323.5,-0.0,52.4,6.6,144.3,3,0.0
2013-12-05,YangPyung,2013-12-05,11.0,340.0,-0.0,56.8,4.2,141.3,3,0.0
2013-12-06,YangPyung,2013-12-06,10.0,315.7,-0.0,58.3,1.4,140.7,3,0.0
2013-12-07,YangPyung,2013-12-07,10.0,312.2,0.1,61.9,3.1,147.5,3,0.0
2013-12-08,YangPyung,2013-12-08,9.0,324.9,0.1,61.5,6.3,150.2,3,0.0
2013-12-09,YangPyung,2013-12-09,10.0,335.2,14.1,58.2,4.4,149.5,3,1.0
2013-12-10,YangPyung,2013-12-10,10.0,317.9,14.1,51.2,-0.3,145.7,3,1.0
2013-12-11,YangPyung,2013-12-11,11.0,339.4,16.7,44.8,-6.5,135.4,3,0.0
2013-12-12,YangPyung,2013-12-12,12.0,348.5,20.8,39.5,-10.6,123.2,3,0.0
2013-12-13,YangPyung,2013-12-13,11.0,320.7,20.7,32.7,-15.2,108.3,3,0.0
2013-12-14,YangPyung,2013-12-14,11.0,303.0,21.8,31.6,-17.4,96.7,3,0.0
2013-12-15,YangPyung,2013-12-15,10.0,295.0,7.8,27.9,-16.5,91.6,3,0.0
2013-12-16,YangPyung,2013-12-16,9.0,283.5,7.8,19.0,-15.3,87.4,3,1.0
2013-12-17,YangPyung,2013-12-17,9.0,266.0,5.2,14.2,-12.8,93.0,3,1.0
2013-12-18,YangPyung,2013-12-18,10.0,283.6,1.9,12.5,-6.4,94.7,3,1.0
2013-12-19,YangPyung,2013-12-19,11.0,278.8,2.2,2.3,-7.4,83.2,3,1.0
2013-12-20,YangPyung,2013-12-20,11.0,287.0,1.1,-7.2,-14.6,74.5,3,1.0
2013-12-21,YangPyung,2013-12-21,11.0,290.8,1.1,-15.8,-14.4,68.8,3,1.0
2013-12-22,YangPyung,2013-12-22,11.0,295.9,1.1,-20.9,-13.1,62.0,3,1.0
2013-12-23,YangPyung,2013-12-23,10.0,287.9,1.1,-28.2,-10.5,54.7,3,1.0
2013-12-24,YangPyung,2013-12-24,9.0,285.3,0.3,-34.0,-9.6,49.7,3,1.0
2013-12-25,YangPyung,2013-12-25,8.0,289.4,-0.0,-38.3,-10.3,46.4,3,1.0
2013-12-26,YangPyung,2013-12-26,8.0,300.8,1.6,-39.1,-8.4,38.1,3,1.0
2013-12-27,YangPyung,2013-12-27,8.0,292.8,1.6,-44.2,-13.3,27.9,3,1.0
2013-12-28,YangPyung,2013-12-28,8.0,279.8,1.6,-47.5,-19.1,20.0,3,1.0
2013-12-29,YangPyung,2013-12-29,9.0,281.6,1.7,-43.6,-17.8,18.1,3,1.0
2013-12-30,YangPyung,2013-12-30,9.0,276.6,1.7,-36.5,-9.9,24.2,3,1.0
2013-12-31,YangPyung,2013-12-31,9.0,267.6,1.7,-28.3,-1.4,31.9,3,1.0
2014-05-01,YangPyung,2014-05-01,5.0,370.3,27.5,254.1,21.8,409.6,3,42.0
2014-05-02,YangPyung,2014-05-02,5.0,354.6,28.5,255.8,21.5,410.1,3,50.0
2014-05-03,YangPyung,2014-05-03,5.0,317.6,20.0,254.2,19.1,407.0,3,4.0
2014-05-04,YangPyung,2014-05-04,6.0,305.9,6.7,250.6,16.5,410.7,3,4.0
2014-05-05,YangPyung,2014-05-05,6.0,300.3,1.2,247.9,15.3,406.8,3,2.0
2014-05-06,YangPyung,2014-05-06,6.0,285.7,1.2,246.4,14.4,404.9,3,4.0
2014-05-07,YangPyung,2014-05-07,7.0,263.1,3.2,247.0,16.3,404.2,3,3.0
2014-05-08,YangPyung,2014-05-08,8.0,292.4,6.2,245.5,20.2,405.3,3,22.0
2014-05-09,YangPyung,2014-05-09,8.0,295.4,6.2,245.1,21.3,407.5,3,3.0
2014-05-10,YangPyung,2014-05-10,8.0,282.3,6.0,247.0,22.7,414.4,3,4.0
2014-05-11,YangPyung,2014-05-11,9.0,290.8,29.0,246.9,28.8,414.9,3,3.0
2014-05-12,YangPyung,2014-05-12,10.0,321.6,39.0,244.6,29.5,410.4,3,2.0
2014-05-13,YangPyung,2014-05-13,10.0,307.6,37.0,248.2,25.5,409.8,3,3.0
2014-05-14,YangPyung,2014-05-14,10.0,305.9,33.0,254.2,27.2,409.8,3,3.0
2014-05-15,YangPyung,2014-05-15,11.0,329.4,33.3,257.4,29.8,408.1,3,3.0
2014-05-16,YangPyung,2014-05-16,10.0,325.3,33.3,260.3,26.8,416.0,3,3.0
2014-05-17,YangPyung,2014-05-17,10.0,294.2,10.3,264.3,26.6,427.2,3,4.0
2014-05-18,YangPyung,2014-05-18,10.0,274.4,0.3,268.9,28.0,435.4,3,5.0
2014-05-19,YangPyung,2014-05-19,10.0,270.4,0.3,275.8,27.8,440.2,3,5.0
2014-05-20,YangPyung,2014-05-20,10.0,248.9,0.3,285.0,30.2,446.5,3,8.0
2014-05-21,YangPyung,2014-05-21,10.0,263.9,-0.0,293.8,32.0,448.2,3,7.0
2014-05-22,YangPyung,2014-05-22,10.0,279.3,-0.0,301.6,29.5,457.2,3,48.0
2014-05-23,YangPyung,2014-05-23,10.0,297.6,-0.0,307.9,31.2,464.5,3,15.0
2014-05-24,YangPyung,2014-05-24,10.0,311.3,-0.0,314.7,34.5,476.9,3,6.0
2014-05-25,YangPyung,2014-05-25,11.0,344.8,21.0,318.4,35.2,482.8,3,38.0
2014-05-26,YangPyung,2014-05-26,11.0,346.9,22.5,317.3,34.8,485.2,3,9.0
2014-05-27,YangPyung,2014-05-27,10.0,333.0,22.5,321.2,33.2,494.0,3,34.0
2014-05-28,YangPyung,2014-05-28,9.0,325.4,22.5,328.8,36.6,500.0,3,23.0
2014-05-29,YangPyung,2014-05-29,9.0,311.2,22.5,332.8,37.4,502.6,3,8.0
2014-05-30,YangPyung,2014-05-30,9.0,274.8,22.5,338.0,34.8,510.6,3,8.0
2014-05-31,YangPyung,2014-05-31,8.0,257.7,1.5,346.0,37.8,523.5,3,28.0
2014-06-01,YangPyung,2014-06-01,8.0,266.3,-0.0,351.7,40.9,527.8,3,7.0
2014-06-02,YangPyung,2014-06-02,8.0,279.0,2.0,354.3,41.0,526.5,3,11.0
2014-06-03,YangPyung,2014-06-03,9.0,319.7,35.0,352.7,38.1,523.8,3,7.0
2014-06-04,YangPyung,2014-06-04,9.0,338.7,35.0,355.5,36.2,525.4,3,13.0
2014-06-05,YangPyung,2014-06-05,8.0,347.2,35.0,356.9,39.1,525.3,3,10.0
2014-06-06,YangPyung,2014-06-06,7.0,348.0,35.0,361.2,39.2,529.3,3,31.0
2014-06-07,YangPyung,2014-06-07,7.0,339.6,35.0,363.8,38.5,530.2,3,50.0
2014-06-08,YangPyung,2014-06-08,7.0,319.6,33.0,363.2,38.9,526.3,3,19.0
2014-06-09,YangPyung,2014-06-09,6.0,328.9,0.0,364.8,37.7,528.5,3,50.0
2014-06-10,YangPyung,2014-06-10,6.0,342.1,5.5,367.9,38.5,529.5,3,50.0
2014-06-11,YangPyung,2014-06-11,7.0,370.3,24.5,369.0,38.3,528.6,3,23.0
2014-06-12,YangPyung,2014-06-12,8.0,379.1,24.6,367.4,35.6,527.8,3,28.0
2014-06-13,YangPyung,2014-06-13,7.0,382.8,24.6,364.7,35.7,528.7,3,50.0
2014-06-14,YangPyung,2014-06-14,7.0,383.6,24.6,364.0,36.7,531.7,3,50.0
2014-06-15,YangPyung,2014-06-15,7.0,381.5,24.6,362.4,37.8,531.9,3,50.0
2014-06-16,YangPyung,2014-06-16,7.0,360.8,19.1,360.1,38.6,531.1,3,50.0
2014-06-17,YangPyung,2014-06-17,8.0,358.7,3.6,359.9,40.6,530.9,3,50.0
2014-06-18,YangPyung,2014-06-18,9.0,351.0,3.6,361.7,42.0,528.2,3,0.0
2014-06-19,YangPyung,2014-06-19,9.0,358.7,3.6,365.5,41.3,520.5,3,21.0
2014-06-20,YangPyung,2014-06-20,10.0,365.3,5.1,366.9,41.5,519.2,3,20.0
2014-06-21,YangPyung,2014-06-21,11.0,379.8,13.6,367.1,40.5,522.8,3,18.0
2014-06-22,YangPyung,2014-06-22,12.0,382.4,14.0,366.4,40.0,530.8,3,12.0
2014-06-23,YangPyung,2014-06-23,12.0,402.5,35.0,363.9,39.6,526.2,3,19.0
2014-06-24,YangPyung,2014-06-24,11.0,397.8,34.9,365.4,38.8,527.3,3,7.0
2014-06-25,YangPyung,2014-06-25,11.0,395.4,34.9,366.3,39.6,525.2,3,14.0
2014-06-26,YangPyung,2014-06-26,11.0,382.5,33.4,367.1,40.4,527.6,3,15.0
2014-06-27,YangPyung,2014-06-27,11.0,382.9,24.9,370.7,40.8,532.6,3,50.0
2014-06-28,YangPyung,2014-06-28,11.0,363.1,24.5,373.3,41.9,532.3,3,23.0
2014-06-29,YangPyung,2014-06-29,11.0,358.8,0.0,376.1,42.2,532.8,3,50.0
2014-06-30,YangPyung,2014-06-30,11.0,352.7,0.0,378.9,42.1,536.1,3,17.0
2014-07-01,YangPyung,2014-07-01,10.0,352.5,0.0,381.7,42.3,540.2,3,24.0
2014-07-02,YangPyung,2014-07-02,10.0,355.0,20.5,383.5,43.2,545.5,3,20.0
2014-07-03,YangPyung,2014-07-03,11.0,368.9,22.5,381.6,43.5,542.5,3,19.0
2014-07-04,YangPyung,2014-07-04,11.0,360.7,22.5,384.0,43.0,546.3,3,16.0
2014-07-05,YangPyung,2014-07-05,11.0,363.1,22.5,387.2,43.9,547.0,3,23.0
2014-07-06,YangPyung,2014-07-06,11.0,361.1,22.5,388.7,45.3,545.8,3,26.0
2014-07-07,YangPyung,2014-07-07,11.0,345.2,22.5,392.7,43.8,550.5,3,24.0
2014-07-08,YangPyung,2014-07-08,12.0,332.7,2.2,394.9,44.5,554.2,3,16.0
2014-07-09,YangPyung,2014-07-09,12.0,348.9,0.7,401.5,49.3,558.6,3,16.0
2014-07-10,YangPyung,2014-07-10,11.0,336.4,0.7,407.5,50.2,564.0,3,21.0
2014-07-11,YangPyung,2014-07-11,10.0,334.0,0.7,410.8,47.6,567.8,3,31.0
2014-07-12,YangPyung,2014-07-12,10.0,346.9,0.7,411.7,45.9,574.2,3,27.0
2014-07-13,YangPyung,2014-07-13,10.0,347.3,0.7,413.0,45.9,576.4,3,39.0
2014-07-14,YangPyung,2014-07-14,10.0,339.8,0.5,415.6,45.8,578.1,3,20.0
2014-07-15,YangPyung,2014-07-15,10.0,351.3,-0.0,418.3,46.7,580.9,3,26.0
2014-07-16,YangPyung,2014-07-16,9.0,356.3,-0.0,419.6,47.4,583.6,3,32.0
2014-07-17,YangPyung,2014-07-17,9.0,357.9,0.2,419.5,47.1,584.8,3,25.0
2014-07-18,YangPyung,2014-07-18,10.0,365.0,1.7,419.9,46.2,585.6,3,27.0
2014-07-19,YangPyung,2014-07-19,9.0,374.0,1.7,424.3,47.3,586.1,3,24.0
2014-07-20,YangPyung,2014-07-20,8.0,380.4,1.7,425.4,49.3,588.1,3,28.0
2014-07-21,YangPyung,2014-07-21,7.0,385.9,1.7,427.0,49.0,588.6,3,39.0
2014-07-22,YangPyung,2014-07-22,7.0,393.9,18.2,427.2,49.0,592.1,3,27.0
2014-07-23,YangPyung,2014-07-23,8.0,403.4,73.0,423.7,46.3,585.0,3,20.0
2014-07-24,YangPyung,2014-07-24,9.0,416.4,119.5,419.7,40.8,579.8,3,7.0
2014-07-25,YangPyung,2014-07-25,10.0,422.5,179.0,419.6,41.2,584.0,3,7.0
2014-07-26,YangPyung,2014-07-26,11.0,434.7,181.5,413.3,42.9,577.5,3,19.0
2014-07-27,YangPyung,2014-07-27,11.0,425.8,181.5,411.2,42.2,578.8,3,14.0
2014-07-28,YangPyung,2014-07-28,11.0,407.4,165.0,412.5,43.0,577.1,3,15.0
2014-07-29,YangPyung,2014-07-29,11.0,383.0,110.0,413.6,45.0,573.6,3,15.0
2014-07-30,YangPyung,2014-07-30,11.0,371.7,62.0,415.8,48.4,574.3,3,18.0
2014-07-31,YangPyung,2014-07-31,11.0,361.5,4.0,417.6,50.8,579.1,3,14.0
2014-08-01,YangPyung,2014-08-01,10.0,349.9,1.5,421.2,50.5,584.4,3,9.0
2014-08-02,YangPyung,2014-08-02,10.0,333.3,1.5,426.7,53.4,589.5,3,15.0
2014-08-03,YangPyung,2014-08-03,11.0,352.5,14.5,427.1,52.8,587.7,3,14.0
2014-08-04,YangPyung,2014-08-04,12.0,374.9,21.0,426.5,48.8,585.1,3,4.0
2014-08-05,YangPyung,2014-08-05,12.0,386.5,21.0,425.2,49.7,584.7,3,6.0
2014-08-06,YangPyung,2014-08-06,12.0,415.5,30.0,422.3,47.5,580.3,3,6.0
2014-08-07,YangPyung,2014-08-07,12.0,451.6,30.2,421.1,45.1,576.7,3,3.0
2014-08-08,YangPyung,2014-08-08,12.0,426.3,30.2,423.6,44.5,574.1,3,4.0
2014-08-09,YangPyung,2014-08-09,12.0,381.7,17.2,428.2,44.2,574.1,3,12.0
2014-08-10,YangPyung,2014-08-10,13.0,373.6,53.2,424.1,41.9,573.6,3,29.0
2014-08-11,YangPyung,2014-08-11,13.0,359.6,53.2,425.2,37.9,577.0,3,8.0
2014-08-12,YangPyung,2014-08-12,13.0,346.3,42.7,426.0,40.6,582.9,3,13.0
2014-08-13,YangPyung,2014-08-13,13.0,359.3,42.5,423.6,44.8,575.9,3,13.0
2014-08-14,YangPyung,2014-08-14,14.0,389.5,43.0,419.4,43.9,572.8,3,14.0
2014-08-15,YangPyung,2014-08-15,13.0,383.0,43.0,415.7,42.3,571.8,3,13.0
2014-08-16,YangPyung,2014-08-16,12.0,378.5,0.5,413.2,43.1,572.3,3,15.0
2014-08-17,YangPyung,2014-08-17,13.0,381.8,3.5,407.0,45.1,567.2,3,33.0
2014-08-18,YangPyung,2014-08-18,14.0,396.5,15.0,397.9,43.8,558.1,3,10.0
2014-08-19,YangPyung,2014-08-19,15.0,414.5,19.5,393.7,41.3,549.0,3,8.0
2014-08-20,YangPyung,2014-08-20,15.0,427.6,19.5,392.1,42.8,542.3,3,8.0
2014-08-21,YangPyung,2014-08-21,15.0,450.2,66.0,388.6,44.2,531.1,3,11.0
2014-08-22,YangPyung,2014-08-22,15.0,452.5,81.0,388.9,43.6,528.8,3,3.0
2014-08-23,YangPyung,2014-08-23,15.0,442.0,78.5,389.4,44.6,528.9,3,7.0
2014-08-24,YangPyung,2014-08-24,15.0,420.9,67.1,388.9,43.5,530.4,3,10.0
2014-08-25,YangPyung,2014-08-25,15.0,406.7,62.6,388.3,44.8,532.8,3,17.0
2014-08-26,YangPyung,2014-08-26,16.0,381.6,73.6,390.3,45.7,535.3,3,26.0
2014-08-27,YangPyung,2014-08-27,16.0,365.0,27.1,391.2,42.7,533.3,3,10.0
2014-08-28,YangPyung,2014-08-28,16.0,350.8,12.1,390.5,40.9,532.4,3,17.0
2014-08-29,YangPyung,2014-08-29,16.0,347.2,18.1,391.5,40.8,534.8,3,20.0
2014-08-30,YangPyung,2014-08-30,16.0,347.0,18.0,393.8,40.9,536.9,3,12.0
2014-08-31,YangPyung,2014-08-31,16.0,344.2,18.0,393.0,40.6,535.5,3,14.0
2014-09-01,YangPyung,2014-09-01,16.0,349.9,8.0,391.0,41.1,538.5,3,13.0
2014-09-02,YangPyung,2014-09-02,16.0,358.2,14.0,390.1,39.7,542.0,3,7.0
2014-09-03,YangPyung,2014-09-03,17.0,386.1,71.5,386.9,36.7,533.0,3,5.0
2014-09-04,YangPyung,2014-09-04,16.0,393.9,65.0,387.0,35.4,528.8,3,5.0
2014-09-05,YangPyung,2014-09-05,15.0,401.3,65.0,386.0,38.0,532.8,3,13.0
2014-09-06,YangPyung,2014-09-06,15.0,395.7,65.0,388.1,40.3,539.2,3,12.0
2014-09-07,YangPyung,2014-09-07,15.0,394.2,63.5,388.7,40.1,545.2,3,15.0
2014-09-08,YangPyung,2014-09-08,14.0,369.4,57.5,388.3,40.4,547.4,3,17.0
2014-09-09,YangPyung,2014-09-09,14.0,356.5,0.0,386.0,40.5,551.0,3,16.0
2014-09-10,YangPyung,2014-09-10,14.0,341.1,0.0,382.5,36.6,551.7,3,13.0
2014-09-11,YangPyung,2014-09-11,14.0,335.3,0.0,380.4,34.2,551.2,3,14.0
2014-09-12,YangPyung,2014-09-12,14.0,338.1,0.1,377.1,36.1,547.1,3,13.0
2014-09-13,YangPyung,2014-09-13,14.0,324.0,0.1,375.1,37.2,546.8,3,8.0
2014-09-14,YangPyung,2014-09-14,14.0,318.1,0.1,372.9,36.8,545.6,3,13.0
2014-09-15,YangPyung,2014-09-15,13.0,322.4,0.1,371.4,38.8,544.5,3,7.0
2014-09-16,YangPyung,2014-09-16,12.0,305.1,0.1,368.6,36.4,540.8,3,8.0
2014-09-17,YangPyung,2014-09-17,11.0,282.5,0.1,364.7,33.4,533.3,3,8.0
2014-09-18,YangPyung,2014-09-18,10.0,278.1,0.0,362.2,33.8,529.6,3,16.0
2014-09-19,YangPyung,2014-09-19,9.0,272.5,0.0,364.5,31.1,529.0,3,13.0
2014-09-20,YangPyung,2014-09-20,8.0,260.1,0.0,363.7,30.3,527.4,3,15.0
2014-09-21,YangPyung,2014-09-21,7.0,277.9,0.0,360.1,32.9,525.3,3,19.0
2014-09-22,YangPyung,2014-09-22,6.0,283.1,0.0,356.3,32.5,532.6,3,21.0
2014-09-23,YangPyung,2014-09-23,6.0,278.7,0.0,354.0,33.1,534.0,3,17.0
2014-09-24,YangPyung,2014-09-24,6.0,301.6,6.5,349.5,36.1,528.8,3,31.0
2014-09-25,YangPyung,2014-09-25,6.0,316.0,6.5,348.4,35.7,525.7,3,43.0
2014-09-26,YangPyung,2014-09-26,6.0,332.5,6.5,347.0,36.3,518.6,3,40.0
2014-09-27,YangPyung,2014-09-27,5.0,354.0,6.5,345.1,36.9,513.5,3,25.0
2014-09-28,YangPyung,2014-09-28,6.0,387.4,7.0,345.5,37.5,510.0,3,22.0
2014-09-29,YangPyung,2014-09-29,7.0,408.5,23.0,341.8,36.9,501.8,3,27.0
2014-09-30,YangPyung,2014-09-30,6.0,414.1,16.5,337.7,33.1,496.3,3,50.0
2014-10-01,YangPyung,2014-10-01,5.0,404.6,16.5,333.8,30.3,494.1,3,50.0
2014-10-02,YangPyung,2014-10-02,5.0,414.6,25.5,330.6,32.0,485.9,3,50.0
2014-10-03,YangPyung,2014-10-03,5.0,403.4,25.5,326.5,30.5,478.3,3,50.0
2014-10-04,YangPyung,2014-10-04,5.0,366.4,25.0,322.8,25.0,473.8,3,50.0
2014-10-05,YangPyung,2014-10-05,5.0,347.0,9.0,318.5,24.1,470.0,3,50.0
2014-10-06,YangPyung,2014-10-06,5.0,335.4,9.0,313.5,23.0,470.0,3,50.0
2014-10-07,YangPyung,2014-10-07,5.0,311.2,9.0,309.4,22.1,465.5,3,50.0
2014-10-08,YangPyung,2014-10-08,5.0,298.4,0.0,304.7,21.6,460.7,3,50.0
2014-10-09,YangPyung,2014-10-09,5.0,296.8,0.0,300.3,22.4,458.0,3,50.0
2014-10-10,YangPyung,2014-10-10,5.0,307.0,0.0,299.0,24.9,458.7,3,50.0
2014-10-11,YangPyung,2014-10-11,4.0,307.4,0.0,296.2,26.1,456.4,3,50.0
2014-10-12,YangPyung,2014-10-12,4.0,291.1,0.0,296.4,27.5,456.4,3,50.0
2014-10-13,YangPyung,2014-10-13,4.0,281.5,0.0,292.4,24.9,454.3,3,50.0
2014-10-14,YangPyung,2014-10-14,4.0,272.9,0.0,284.5,19.5,446.6,3,50.0
2014-10-15,YangPyung,2014-10-15,4.0,270.0,0.0,278.9,17.4,442.4,3,50.0
2014-10-16,YangPyung,2014-10-16,5.0,266.4,2.5,273.2,18.2,435.3,3,47.0
2014-10-17,YangPyung,2014-10-17,5.0,271.7,2.5,267.6,15.9,431.8,3,7.0
2014-10-18,YangPyung,2014-10-18,5.0,288.7,2.5,265.0,16.0,433.6,3,3.0
2014-10-19,YangPyung,2014-10-19,5.0,297.9,2.5,265.9,20.6,432.6,3,3.0
2014-10-20,YangPyung,2014-10-20,6.0,335.3,24.0,263.4,24.1,425.3,3,5.0
2014-10-21,YangPyung,2014-10-21,7.0,374.3,42.5,260.1,24.8,420.9,3,2.0
2014-10-22,YangPyung,2014-10-22,7.0,389.5,40.0,257.1,22.3,418.8,3,1.0
2014-10-23,YangPyung,2014-10-23,6.0,388.4,40.0,254.8,18.9,416.4,3,1.0
2014-10-24,YangPyung,2014-10-24,6.0,405.4,40.0,253.2,18.4,414.2,3,2.0
2014-10-25,YangPyung,2014-10-25,6.0,388.7,40.0,251.1,22.8,413.8,3,3.0
2014-10-26,YangPyung,2014-10-26,7.0,372.8,19.0,248.1,24.5,411.2,3,2.0
2014-10-27,YangPyung,2014-10-27,6.0,339.1,0.5,239.4,17.7,404.5,3,2.0
2014-10-28,YangPyung,2014-10-28,5.0,314.7,0.5,228.4,8.8,398.5,3,1.0
2014-10-29,YangPyung,2014-10-29,5.0,283.1,0.5,223.1,7.6,393.0,3,1.0
2014-10-30,YangPyung,2014-10-30,5.0,247.8,0.5,223.5,12.6,388.2,3,1.0
2014-10-31,YangPyung,2014-10-31,5.0,233.0,0.7,224.7,20.5,377.4,3,31.0
2014-11-01,YangPyung,2014-11-01,5.0,261.1,0.2,228.8,27.9,378.6,3,5.0
2014-11-02,YangPyung,2014-11-02,6.0,268.2,2.7,227.2,22.2,374.0,3,3.0
2014-11-03,YangPyung,2014-11-03,6.0,262.7,2.7,221.0,10.9,368.8,3,1.0
2014-11-04,YangPyung,2014-11-04,6.0,277.4,2.7,215.3,9.2,369.3,3,1.0
2014-11-05,YangPyung,2014-11-05,6.0,280.9,2.7,213.3,11.8,366.5,3,2.0
2014-11-06,YangPyung,2014-11-06,7.0,278.5,3.0,213.0,15.9,361.7,3,2.0
2014-11-07,YangPyung,2014-11-07,7.0,280.5,3.0,209.2,14.6,355.5,3,2.0
2014-11-08,YangPyung,2014-11-08,7.0,301.5,0.5,205.3,12.0,353.5,3,2.0
2014-11-09,YangPyung,2014-11-09,7.0,287.3,0.5,200.2,13.2,353.3,3,2.0
2014-11-10,YangPyung,2014-11-10,7.0,271.6,0.5,193.1,9.8,351.1,3,2.0
2014-11-11,YangPyung,2014-11-11,8.0,278.0,2.5,186.5,8.1,345.0,3,2.0
2014-11-12,YangPyung,2014-11-12,9.0,276.1,7.0,181.8,3.3,334.0,3,2.0
2014-11-13,YangPyung,2014-11-13,9.0,252.7,7.0,171.4,-4.4,316.1,3,2.0
2014-11-14,YangPyung,2014-11-14,8.0,260.4,7.0,163.5,-4.5,306.2,3,2.0
2014-11-15,YangPyung,2014-11-15,8.0,248.8,7.0,153.4,-1.9,298.8,3,2.0
2014-11-16,YangPyung,2014-11-16,9.0,224.0,8.0,145.0,2.1,291.8,3,2.0
2014-11-17,YangPyung,2014-11-17,10.0,248.9,7.5,133.9,6.4,280.0,3,2.0
2014-11-18,YangPyung,2014-11-18,9.0,263.8,2.5,126.9,5.5,269.6,3,2.0
2014-11-19,YangPyung,2014-11-19,8.0,265.2,2.5,123.2,1.1,264.0,3,2.0
2014-11-20,YangPyung,2014-11-20,8.0,288.8,2.5,119.8,2.1,255.7,3,2.0
2014-11-21,YangPyung,2014-11-21,8.0,308.7,2.5,118.7,8.6,256.8,3,2.0
2014-11-22,YangPyung,2014-11-22,9.0,324.1,5.5,116.2,13.9,254.7,3,2.0
2014-11-23,YangPyung,2014-11-23,9.0,350.7,4.0,115.4,14.3,248.5,3,2.0
2014-11-24,YangPyung,2014-11-24,8.0,355.1,4.0,115.3,14.3,243.3,3,2.0
2014-11-25,YangPyung,2014-11-25,8.0,349.2,4.0,115.5,14.6,240.7,3,2.0
2014-11-26,YangPyung,2014-11-26,8.0,345.5,4.0,117.1,14.8,240.5,3,2.0
2014-11-27,YangPyung,2014-11-27,8.0,324.5,4.0,118.1,14.9,240.3,3,2.0
2014-11-28,YangPyung,2014-11-28,9.0,332.5,18.0,120.9,13.2,234.9,3,2.0
2014-11-29,YangPyung,2014-11-29,8.0,356.6,18.0,129.4,12.0,231.2,3,2.0
2014-11-30,YangPyung,2014-11-30,9.0,388.7,25.0,134.3,12.7,227.8,3,2.0
